"ratingCat","propObs"
"(0,1]",0.00180308906579574
"(1,2]",0.0124345104443084
"(2,3]",0.0337824045723617
"(3,4]",0.073586446213513
"(4,5]",0.139007960808328
"(5,6]",0.233176838810642
"(6,7]",0.267503572157583
"(7,8]",0.169439341362183
"(8,9]",0.0555215350071443
"(9,10]",0.0137443015581411
